"Can be used only with catalog input type Dropdown"," สามารถใช้ได้เฉพาะกับรายการสินค้าที่มีการนำเข้าข้อมูลแบบดรอปดาวน์"
"Items that you don't want to show in the catalog or search results should have status 'Disabled' in the desired store."," ในความต้องการของร้านค้า รายการทีคุณไม่ต้องการให้แสดงในรายการสินค้า หรือ จากการค้นหาควรจะให้มีสถานะ'ปิดใช้งาน'"
"# of Use","# จำนวนที่ใช้"
"%s Item(s)","%s รายการ(s)"
"(Will make search for the query above return results for this search.)","(จะทำการค้นหาจาก Query ด้านบนแล้วนำผลลัพธ์ที่ได้กลับมายังการค้นหา.)"
"(Copy data from: %s)","(คัดลอกข้อมูลจาก: %s)"
"-- Please Select --","-- กรุณาเลือก --"
"Add Recipient","Add Recipient"
"All Reviews","All Reviews"
"Are you sure you want to delete this attribute set?","Are you sure you want to delete this attribute set?"
"Array of Entity collections is expected","Array of Entity collections is expected"
"Attribute Identifier","Attribute Identifier"
"Availability: In stock. Ships within 24 hours.","Availability: In stock. Ships within 24 hours."
"Save","บันทึก"
"Save Attribute Set","บันทึกชุดคุณลักษณะ"
"Review was saved successfully","บันทึกบทวิจารณ์แล้ว"
"Review was successfully saved","บันทึกบทวิจารณ์แล้ว"
"Save Search","บันทึกการค้นหา"
"Records for ""","บันทึกสำหรับ """
"Product was successfully saved.","บันทึกสินค้าแล้ว"
"Search Term was successfully saved","บันทึกคำค้นหาแล้ว"
"Save Attribute","บันทึกคุณลักษณะ"
"Product attribute was successfully saved","บันทึกคุณลักษณะสินค้าแล้ว"
"Category saved","บันทึกประเภท"
"Save Category","บันทึกประเภทสินค้า"
"Save And Continue Edit","บันทึกและแก้ไขต่อ"
"Saved ","บันทึกแล้ว"
"First Name","ชื่อ"
"Name","ชื่อ"
"Tag Name","ชื่อ Tag"
"Name<br/>(For internal use)","ชื่อ<br/>(สำหรับใช้ภายใน)"
"Set Name","ชื่อชุดสินค้า"
"Attrib. Set Name","ชื่อชุดคุณลักษณะสินค้า"
"New Set Name","ชื่อชุดใหม่"
"Product Name","ชื่อสินค้า"
"Attribute Name:","ชื่อคูณลักษณะ:"
"Name In %s","ชื่อใน %s"
"Attribute Set","ชุดคุณลักษณะ"
"Reviews","คะแนนรีวิว"
"Pending Reviews RSS","บทวิจารณ์ RSS กำลังรอการตรวจสอบ"
"Product Reviews","บทวิจารณ์สินค้า"
"Products Reviews","บทวิจารณ์สินค้า"
"Customers Reviews","บทวิจารณ์ของลูกค้า"
"Top/Right","บน/ขวา"
"Top/Left","บน/ซ้าย"
"Text Field","ฟิลด์ข้อความ"
"Error while saving this group. Please try again later.","พบข้อผิดพลาดขณะบันทึกกลุ่มนี้ กรุณาลองใหม่อีกครั้ง"
"There was an error while updating product(s) attributes","พบข้อผิดพลาดขณะกำลังอัพเกรดคุณลักษณะสินค้า"
"Error while saving this group. Group with the same name already exists.","พบข้อผิดพลาดขณะทำการบันทึกกลุ่มนี้ มีกลุ่มที่มีชื่อเดียวกันอยู่แล้ว"
"There was an error while removing products from websites","พบข้อผิดพลาดขณะที่ลบสินค้าออกจากเว็บไซต์"
"Error during retrieval of option value: %s","พบข้อผิดพลาดขณะดึงค่าตัวเลือก: %s"
"Error while adding customers for %s alert. Message: %s","พบข้อผิดพลาดขณะเพิ่มลูกค้าในการแจ้งเตือน %sข้อความ: %s"
"There was an error while adding products to websites","พบข้อผิดพลาดขณะเพิ่มสินค้าในเว็บไซต์"
"Problem saving the collection, aborting. Error: %s","พบปัญหาในการบันทึกข้อมูลกำลังยกเลิกการบันทึก ข้อผิดพลาด: %s"
"Print This Page","พิมพ์หน้านี้"
"Text Area","พื้นที่ข้อความ"
"Please click on Close Window button if it won't be closed automatically","กรุณาคลิกปุ่มปิดหน้าต่าง ถ้ามันไม่ปิดโดยอัตโนมัติ"
"Please enter a new group name","กรุณาใส่ชื่อกลุ่มใหม่"
"Please select static block ...","กรุณาเลือก static block ..."
"Please select product(s)","กรุณาเลือกสินค้า"
"Please select products for attributes update","กรุณาเลือกสินค้าที่จะอัพเดทคุณลักษณะ"
"Please select one or more attributes.","กรุณาเลือกคุณลักษณะหนึ่งอย่างหรือมากกว่า"
"Back","กลับ"
"Groups","กลุ่ม"
"Customer Group","กลุ่มลูกค้า"
"This group contains system attributes. Please move system attributes to another group and try again.","กลุ่มนี้ประกอบด้วยคุณลักษณะของระบบ กรุณาย้ายคุณลักษณะของระบบออกไปยังกลุ่มอื่นแล้วลองใหม่อีกครั้ง"
"Action","การกระทำ"
"Visibility","การมองเห็น"
"Failed to move file: %s","การย้ายไฟล์ล้มเหลว: %s"
"Conditions Combination","การรวมเงื่อนไข"
"Invalid option id specified for %s (%s), skipping the record","การระบรหัสตัวเลือกสำหรับ %s (%s) ไม่ถูกต้อง กำลังข้ามรายการ"
"Invalid attribute set specified, skipping the record","การระบุชุดคุณลักษณะไม่ถูกต้อง กำลังข้ามรายการ"
"Invalid store specified, skipping the record","การระบุร้านไม่ถูกต้อง กำลังข้ามรายการ"
"Invalid attribute option specified for attribute %s (%s), skipping the record","การระบุคุณลักษณะตัวเลือกสำหรับคุณลักษณะ %s (%s) ไม่ถูกต้อง กำลังข้ามรายการ"
"Url Rewrite Management","การจัดการเขียน Url ใหม่"
"Category Navigation:","การควบคุมประเภท"
"New Search","การค้นหาใหม่"
"Input Validation for Store Owner","การตรวจสอบความถูกต้องของข้อมูลที่นำเข้าสำหรับเจ้าของร้าน"
"Super product attributes configuration","การตั้งค่าคุณลักษณะสินค้าขั้นสูง"
"Search Engine Optimizations","การปรับแต่งเครื่องมือในการค้นหา"
"Last Notification","การแจ้งเตือนครั้งสุดท้าย"
"Invalid store specified","กำหนดร้านค้าไม่ถุกต้อง"
"Prev","ก่อนหน้า"
"Previous","ก่อนหน้านี้"
"Media Image","ภาพ Media"
"Product Image Watermarks","ภาพลายน้ำ้สินค้า"
"Visible","มองเห็นได้"
"Store View","มุมมองร้านค้า"
"More Views","มุมมองเพิ่มเติม"
"Stock Availability","มีสินค้าในคลังสินค้า"
"Search Term with such search query already exist.","มีคำค้นหาที่เกี่ยวกับคำคันหาเช่นนี้แล้ว"
"Attribute with the same code already exists","มีคุณลักษณะที่ใช้โค้ดเดียวกันอยู่แล้ว"
"Stretch","ยืดออก"
"Product %s successfully removed from compare list","ย้ายผลิตภัฑณ์จากรายการเปรียบเทียบสำเร็จ"
"ID","รหัส"
"Attribute Code","รหัสคุณลักษณะ"
"Invalid category IDs","รหัสประเภทไม่ถูุกต้อง"
"Pending","รอตรวจสอบ"
"System","ระบบ"
"Product collection expected","ระบบต้องการข้อมูลคอลเลคชั่นสินค้า"
"Tier Pricing","ระดับราคา"
"List","รายการ"
"Catalog","รายการสินค้า"
"Catalog, Search","รายการสินค้า, ค้นหา"
"Missing SKU, skipping the record","รายการสินค้าในร้านหายไป, กำลังข้ามรายการ"
"Items %s to %s of %s total","รายการที่ %s ถึง %s จากทั้งหมด %s "
"Compare Products List","รายการเปรียบเทียบสินค้า"
"Quick Overview","รายละเอียด"
"Product Description","รายละเอียดสินค้า"
"Price ","ราคา"
"Price","ราคา"
"Price:","ราคา:"
"Special Price:","ราคาพิเศษ:"
"Default price","ราคาที่เป็นค่าเริ่มต้น"
"Regular Price:","ราคาปกติ:"
"Old Price:","ราคาเก่า:"
"Image","รูปภาพ"
"Product Image Placeholders","รูปภาพสินค้า Placeholders"
"Reset","รีเซ็ต"
"Store","ร้านค้า"
"Delete","ลบ"
"Delete Attribute Set","ลบชุดคุณลักษณะ"
"Review successfully deleted","ลบบทวิจารณ์แล้ว"
"Delete Selected Group","ลบกลุ่มที่เลือก"
"Delete Search","ลบการค้นหา"
"Search was successfully deleted","ลบการค้นหาแล้ว"
"Remove This Item","ลบรายการสินค้านี้ออก"
"Total of %d record(s) were successfully deleted","ลบรายการทั้งสิ้น %d รายการแล้ว"
"Remove Product","ลบสินค้าออก"
"Remove Product From Websites","ลบสินค้าออกจากเว็บไซต์"
"Product deleted","ลบสินค้าแล้ว"
"Remove","ลบออก"
"Delete Attribute","ลบคุณลักษณะ"
"Product attribute was successfully deleted","ลบคุณลักษณะสินค้าแล้ว"
"Delete Option","ลบตัวเลือก"
"Delete Category","ลบประเภท"
"Category deleted","ลบประเภทแล้ว"
"Feature Products","ลักษณะสินค้า"
"Watermark","ลายน้ำ"
"Bottom/Right","ล่าง/ขวา"
"Bottom/Left","ล่าง/ซ้าย"
"Failed","ล้มเหลว"
"Clear All Items","ล้างทุกรายการ"
"Date","วันที่"
"Date Subscribed","วันที่สมัครสมาชิก"
"Datetime","วันเวลา"
"Empty","ว่างเปล่า"
"Subscribe to Feed","สมัครสมาชิก Feed"
"Subscribe to RSS Feed","สมัครสมาชิก RSS Feed"
"Create Product Settings","สร้างการตั้งค่าสินค้า"
"Product was successfully created.","สร้างสินค้าสำเร็จ"
"Autogenerate","สร้างอัตโนมัติ"
"Quick simple product creation","สร้างตัวอย่างสินค้าแบบเร็ว"
"Create Simple Associated Product","สร้างตัวอย่างที่เกี่ยวข้องกับสินค้า"
"Quick Create","สร้างแบบเร็ว"
"Searchable","สามารถค้นหาได้"
"Globally Editable","สามารถแก้ไขได้โดยทั่วไป"
"Filterable (with results)","สามารถใช้ตัวกรองได้ (พร้อมผลลัพธ์)"
"Visible on Catalog Pages on Front-end","สามารถเห็นได้บนหน้ารายการสินค้าในส่วนหน้า"
"Comparable on Front-end","สามารถเปรียบเทียบได้ในด้านหน้า"
"For internal use. Must be unique with no spaces","สำหรับใช้ภายใน ต้องไม่ซ้ำและไม่มีเว้นวรรค"
"Products","สินค้า"
"Availability: In stock.","สินค้า: มีในคลังสินค้า."
"Availability: Out of stock.","สินค้า: หมดในคลังสินค้า."
"Out of Stock","สินค้าหมด"
"Out of stock","สินค้าหมด"
"Out of stock.","สินค้าหมด."
"Inventory","สินค้าที่มีอยู่ร้าน"
"Grouped Product","สินค้าที่จัดเป็นกลุ่ม"
"Configurable Product","สินค้าที่ปรับแต่งได้"
"Related Products","สินค้าที่เกี่ยวข้อง"
"Associated Products","สินค้าที่เกี่ยวข้องกัน"
"Products per Page on Grid default value","สินค้าต่อหน้าบนค่าเริ่มต้นแบบ Grid "
"Products per Page on List default value","สินค้าต่อหน้าบนค่าเริ่มต้นแบบ List"
"Product duplicated","สินค้าซ้ำกัน"
"New Product","สินค้าใหม่"
"New Products","สินค้าใหม่"
"Product In Websites","สินค้าในเว็บไซต์"
"Status","สถานะ"
"Static","สถิติ"
"Frontend","ส่วนหน้าเว็บ"
"Email to a Friend","ส่งอีเมล์ไปยังเพื่อน"
"OR","หรือ"
"Backend Table Title","หัวข้อตารางส่วนหลัง"
"If you do not specify an option value for a store then the default value will be used.","หากคุณไม่ระบุค่าตัวเลือกสำหรับร้านค้าระบบจะนำค่าเริ่มต้นมาใช้."
"Page:","หน้า:"
"Home","หน้าแรก"
"Based On","อยู่บนพื้นฐานของ"
"Custom Design","ออกแบบให้เหมาะสม"
"Total of %d record(s) were successfully updated","อัพเดทรายการทั้งสิ้น %d รายการแล้ว"
"Update attributes","อัพเดทคุณลักษณะ"
"Email","อีเมล"
"Approved","อนุมัติ"
"Results","ผลลัพธ์"
"Product with this combination of attributes already associated to configurable.","ผลิตภัณฑ์รวมเข้าด้วยกันกับคุณลักษณะเรียบร้อยแล้วที่สัมพันธ์ถึงการแก้ไข"
"Manage Product Sets","จัดการชุดสินค้า"
"Manage Attribute Sets","จัดการชุดคุณลักษณะ"
"Manage Products","จัดการสินค้า"
"Manage Titles (Size, Color, etc.)","จัดการหัวข้อ(ขนาด,สี,ฯลฯ)"
"Manage Attributes","จัดการคุณลักษณะ"
"Manage Product Attributes","จัดการคุณลักษณะสินค้า"
"Manage Options (values of your attribute)","จัดการตัวเลือก(ค่าของคุณลักษณะของคุณ)"
"Manage Categories","จัดการประเภท"
"Manage Catalog Categories","จัดการประเภทของแค็ตตาล็อค"
"Manage Label / Options","จัดการป้าย / ตัวเลือก"
"Duplicate website tier price customer group and quantity.","จำลองเว็บไซต์ระดับราคาของกลุ่มลูกค้าและปริมาณ"
"Qty","จำนวน"
"Maximum Qty Allowed in Shopping Cart","จำนวนมากที่สุดที่อนุมัติในตะกร้า"
"Number of results<br/>(For last time placed)","จำนวนผลลัพธ์<br/>(จากที่ได้ดำเนินการครั้งหลังสุด)"
"Decimal Number","จำนวนทศนิยม"
"Qty Uses Decimals","จำนวนทศนิยมที่ใช้"
"Minimum Qty for Item's Status to be Out of Stock","จำนวนที่น้อยที่สุดสำหรับรายการที่จะออกจากคลังสินค้า"
"Minimum Qty Allowed in Shopping Cart","จำนวนที่น้อยที่สุดที่อนุมัติในตะกร้า"
"Number of Uses","จำนวนที่ใช้"
"Default Qty","จำนวนค่าเริ่มต้น"
"Integer","จำนวนเต็ม"
"Required","จำเป็น"
"Values Required","จำเป็นต้องใส่ค่า"
"Next","ถัดไป"
"Decimal","ทศนิยม"
"All","ทั้งหมด"
"Duplicate","ทำสำเนา"
"ALL GROUPS","ทุกกลุ่ม"
"Scope","ขอบเขต"
"Catalog Price Scope","ขอบเขตราคารายการสินค้า"
"Currently Shopping by","ขณะนี้ทำการเลือกซื้อโดย"
"Watermark Default Size","ขนาดค่าเริ่มต้นของลายน้ำ"
"Search Information","ข้อมูลการค้นหา"
"Product Information","ข้อมูลสินค้า"
"Products Information","ข้อมูลสินค้า"
"General Information","ข้อมูลทั่วไป"
"Additional Information","ข้อมูลที่เพิ่มขึ้น"
"Attribute Information","ข้อมูลคุณลักษณะ"
"Category Data","ข้อมูลประเภท"
"Product saving error.","ข้อผิดพลาดในการบันทึกสินค้า"
"Category delete error","ข้อผิดพลาดในการลบประเภท"
"Text","ข้อความ"
"Skip import row, store ""%s"" field not exists","ข้ามการนำเข้าแถว ""%s""ไม่มีฟิลด์อยู่"
"Skip import row, required field ""%s"" for new products not defined","ข้ามการนำเข้าแถว, ต้องการฟิดล์ ""%s"" สำหรับสินค้าใหม่ที่ไม่ได้กำหนด"
"Skip import row, required field ""%s"" not defined","ข้ามการนำเข้าแถว, ต้องการฟิดล์ ""%s"" ไม่ได้กำหนด"
"Skip import row, required field ""%s"" for new customer not defined","ข้ามการนำเข้าแถว, ต้องการฟิดล์""%s"" สำหรับลูกค้าใหม่ที่ไม่ได้กำหนด"
"Skip import row, is not valid value ""%s"" for field ""%s""","ข้ามการนำเข้าแถว,ค่าไม่ถูกต้อง ""%s"" สำหรับฟิลด์ ""%s"""
"Dropdown","ดรอปดาวน์"
"Double click on a group to rename it","ดับเบิ้ลคลิ๊กที่กลุ่มเพื่อทำการแก้ไขชื่อ"
"Continue","ดำเนินการต่อ"
"Learn More","ดูรายละเอียดเพิ่มเติม"
"View as","ดูในมุมมอง"
"Design","ดีไซน์"
"Options Control","ควบคุมตัวเลือก"
"Best Value","ความนิยมมากที่สุด"
"Copy From Configurable","คัดลอกจากสิ่งที่แก้ไขได้"
"Backorders","คำสั่งซื้อล่วงหน้า"
"Synonym For","คำเหมือนของ"
"Synonym for","คำเหมือนของ"
"Attributes","คุณลักษณะ"
"Cart Item Attribute","คุณลักษณะรายการตะกร้า"
"Product Attribute","คุณลักษณะสินค้า"
"Unassigned Attributes","คุณลักษณะที่ยังไม่ถูกจัดการ"
"Unknown attribute: %s","คุณลักษณะที่ไม่รู้จัก: %s"
"New Product Attribute","คุณลักษณะใหม่ของสินค้า"
"Properties","คุณสมบัติ"
"Frontend Properties","คุณสมบัติ ส่วนหน้า "
"System Properties","คุณสมบัติระบบ"
"Attribute Properties","คุณสมบัติของคุณลักษณะ"
"You may also be interested in the following product(s)","คุณอาจจะสนใจในสินค้าดังต่อไปนี้"
"Are you sure?","คุณแน่ใจ?"
"Are you sure you would like to remove all item from compare products?","คุณแน่ใจว่าต้องการลบรายการทั้งหมดจากรายการเปรียบเทียบสินค้า?"
"Are you sure you would like to remove this item from the compare products?","คุณแน่ใจว่าต้องการลบรายการนี้จากรายการเปรียบเทียบสินค้า?"
"Are you sure you want to delete this category?","คุณแน่ใจว่าต้องการลบประเภทนี้?"
"You have no items to compare.","คุณไม่มีรายการสินค้าที่จะเปรียบเทียบ"
"You cannot remove system attribute from this set.","คุณไม่สามารถย้ายคุณลักษณะของระบบจากชุดนี้ได้"
"You cannot delete this attribute","คุณไม่สามารถลบคุณลักษณะนี้ได้"
"You cannot update this attribute","คุณไม่สามารถอัพเดทคุณลักษณะนี้"
"You cannot edit this attribute","คุณไม่สามารถแก้ไขคุณลักษณะนี้ได้"
"Fixed","คงที่"
"Price values for options should be specified in system base currency.","ค่าราคาสำหรับข้อกำหนดจะเจาะจงอยู่ในพื้นฐานระบบสกุลเงิน"
"Unique Value","ค่าที่เป็นค่าเฉพาะ"
"Default Values","ค่าเริ่มต้น"
"Default value","ค่าเริ่มต้น"
"Unique Value (not shared with other products)","ค่าเฉพาะ (ไม่ใช้ร่วมกับสินค้าอื่น)"
"Search","ค้นหา"
"Search Query","ค้นหา Query"
"Browse By","ค้นหาโดย"
"Check items to add to the cart or ","ตรวจสอบรายการก่อนใส่ตะกร้า "
"Filter must be as object. Set correct filter please","ตัวกรองจะต้องเป็น Object กรุณาตั้งตัวกรองที่ถูกต้อง"
"Filters must be as array","ตัวกรองต้องเป็นแบบ Array"
"ex. http://domain.com","ตัวอย่าง http://domain.com"
"Simple Product","ตัวอย่างสินค้า"
"Letters","ตัวอักษร"
"Letters(a-zA-Z) or Numbers(0-9)","ตัวอักษร(a-zA-Z) หรือตัวเลข(0-9)"
"Page Title Separator","ตัวแยกหัวข้อหน้าหน้า"
"Option:","ตัวเลือก:"
"Shopping Options","ตัวเลือกการซื้อ"
"Settings","ตั้งค่า"
"Set Root Category For Store","ตั้งค่า Root Category สำหรับร้านค้า"
"Configurable Product Settings","ตั้งค่าสินค้าที่ปรับแต่งได้"
"Set Descending Direction","ตั้งค่าตามลำดับมากไปน้อย"
"Set Ascending Direction","ตั้งค่าเป็นเรียงจากน้อยไปมาก"
"Set root category for this store in the <a href=""%s"">configuration</a>","ตั้งค้า root category สำหรับร้านค้านี้ใน<a href=""%s"">การตั้งค่า</a>"
"Backend Table","ตารางส่วนหลัง"
"Position","ตำแหน่ง"
"Watermark Position","ตำแหน่งลายน้ำ"
"Position of attribute in layered navigation block","ตำแหน่งของคุณลักษณะ layered navigation ถูกบล็อค"
"Position In Layered Navigation","ตำแหน่งในระดับ Navigation"
"per page","ต่อหน้า"
"As low as:","ต่ำเท่ากับ:"
"Options is required","ต้องการตัวเลือก"
"Image type and information need to be specified for each store view.","ต้องมีการระบุประเภทรูปภาพและข้อมูลสำหรับมุมมองแต่ละร้าน"
"Filter model name must be declared","ต้องประกาศชื่อโมเดลตัวกรอง"
"A name is required","ต้องใส่ชื่อให้ระบบ"
"Buy %s for %s each","ซื้อ %s ในราคา %s ต่อชิ้น"
"Shop by","ซื้อโดย"
"Buy %s for %s","ซื้ิอ %s ในราคา %s"
"Zoom Out","ซูมออก"
"Zoom In","ซูมเข้า"
"Categories","ประเภท"
"Category","ประเภท"
"Type","ประเภท"
"Catalog Input Type for Store Owner","ประเภทการนำเข้าข้อมูลจากรายการสินค้าสำหรับเจ้าของร้าน"
"Category Products","ประเภทสินค้า"
"Product Categories","ประเภทสินค้า"
"Product Type","ประเภทสินค้า"
"All Product Types","ประเภทสินค้าทั้งหมด"
"Invalid product type specified, skipping the record","ประเภทสินค้าที่ระบุไม่ถูกต้อง กำลังข้ามรายการ"
"Parent Category","ประเภทหลัก"
"Data Type for Saving in Database","ประเภทของข้อมูลที่จะบันทึกลงในฐานข้อมูล"
"New Category","ประเภทใหม่่"
"Invalid image file type","ประเภทไฟล์ภาพไม่ถูกต้อง"
"Disabled","ปิดการใช้งาน"
"Close Window","ปิดหน้าต่าง"
"Label","ป้าย"
"Attribute Label","ป้ายคุณลักษณะ"
"Send Count","นับการส่ง"
"Last Name","นามสกุล"
"Backend Model","แบบส่วนหลัง"
"Frontend Model","แบบส่วนหน้า"
"Attribute model not defined","แบบคุณลักษณะไม่ได้กำหนด"
"Attribute Model","แบบคูณลักษณะ"
"Gallery","แกลเลอรี่"
"Edit","แก้ไข"
"Edit Attribute Set '%s'","แก้ไขชุดคุณลักษณะ '%s'"
"Edit Search","แก้ไขการค้นหา"
"Edit Search '%s'","แก้ไขการค้นหา '%s'"
"Edit Product Attribute","แก้ไขคุณลักษณะสินค้า"
"and","และ"
"and above","และสูงกว่า"
"Show","แสดง"
"Display in Suggested Terms","แสดงในคำที่แนะนำ"
"Source Model","แหล่งข้อมูลโมเดล"
"Products Sitemap","แผนผังสินค้า"
"Site Map","แผนผังเว็บไซต์"
"Categories Sitemap","แผนผังเว็บไซต์"
"Declare attribute value saving scope","แจ้งขอบเขตการบันทึกค่าคุณลักษณะ"
"Notify for Quantity Below","แจ้งเตือนสำหรับปริมาณที่ลดลง"
"Product Alerts","แจ้งเตือนสินค้า"
"Notify Low Stock RSS","แจ้งเตือนเมื่อสินค้าในสต๊อกเหลือน้อย RSS"
"Grid","แนวตั้ง"
"Yes","ใช่"
"Yes/No","ใช่/ไม่ใช่"
"Use categories path for product URLs","ใช้ Path ของ ประเภทสินค้า สำหรับ URL สินค้า"
"Use Config Settings","ใช้การตั้งค่า Config"
"Use Default Value","ใช้ค่าเริ่มต้น"
"Apply To","ใช้งานไปยัง"
"Apply To Configurable/Grouped Product","ใช้งานไปยัง  กราตั้งค่า/กลุ่มสินค้า"
"Filterable (no results)","ใช้ตัวกรองได้ (ไม่ใช้ผลลัพธ์)"
"Use In Layered Navigation","ใช้ใน Layered Navigation"
"Use In Layered Navigation<br/>(Can be used only with catalog input type 'Dropdown')","ใช้ใน Layered Navigation<br/>(สามารถใช้ใน catalog ที่ใส่ข้อมูลประเภท'ดรอปดาวน์'เท่านั้น)"
"Use To Create Configurable Product","ใช้ในการสร้างสินค้าที่ปรับแต่งได้"
"Use in advanced search","ใช้ในการค้นหาขั้นสูง"
"Use in quick search","ใช้ในการค้นหาแบบเร่งด่วน"
"In Stock","ในคลังสินค้า"
"In stock","ในคลังสินค้า"
"List Mode","โหมดรายการ"
"Global","โดยรวม"
"There are no products matching the selection.","ไม่พบสินค้าที่ตรงกับการเลือก"
"No product collections found","ไม่พบคอลเลคชั่นสินค้า"
"Unable to find a search term to delete","ไม่พบคำค้นหาที่ต้องการลบ"
"Unable to find an attribute to delete","ไม่พบคุณลักษณะที่ต้องการลบ"
"Image file not found","ไม่พบไฟล์รูปภาพ"
"None","ไม่มี"
"There are no %s available.","ไม่มี %s ที่สามารถซื้อได้"
"Create Empty","ไม่มีการสร้าง"
"No layout updates","ไม่มีการอัพเดท เลย์เอาท์"
"This search no longer exists","ไม่มีการค้นหานี้"
"Image not exists","ไม่มีภาพ"
"No image","ไม่มีรูปภาพ"
"There are no customers for this alert","ไม่มีลูกค้าสำหรับการแจ้งเตือนนี้"
"This attribute no longer exists","ไม่มีคุณลักษณะนี้อยู่"
"No options of this product are available.","ไม่มีตัวเลือกสำหรับสินค้านี้"
"Unable to complete request. Please try again later.","ไม่สามารถดำเนินการตามคำขอให้เสร็จสมบูรณ์ได้ กรุณาลองใหม่อีกครั้ง"
"Unable to get product id.","ไม่สามารถเรียกข้อมูล หัสสินค้าได้"
"Nowhere","ไม่ปรากฏที่ไหน"
"No","ไม่ใช่"
"Not shared with other products","ไม่ใช้ร่วมกับสินค้าอื่น"
"unselect all","ไม่เลือกทั้งหมด"
"Base directory to upload image file is not specified","ไดเ็ร็คทอรี่พื้นฐานที่จะอัฟโหลด ไฟล์รูปภาพไม่ได้กำหนด"
"Go to Home Page","ไปยังหน้าหลัก"
"Add New Set","เพิ่มชุดสินค้าใหม่"
"Add New Attribute Set","เพิ่มชุดคุณลักษณะใหม่"
"Add Group","เพิ่มกลุ่ม"
"Add New Group","เพิ่มกลุ่มใหม่"
"Add New Search Term","เพิ่มการค้นหาใหม่"
"Add Design Change","เพิ่มการเปลี่ยนแปลงดีไซน์"
"Add Tier","เพิ่มระดับ"
"Add Items to Cart","เพิ่มรายการไปยังตะกร้า"
"Add New Images","เพิ่มรุปภาพใหม่"
"Customers for alert %s was successfuly added to queue","เพิ่มลูกค้าสำหรับการแจ้งเตือน %s ลงในคิวแล้ว"
"Add Product","เพิ่มสินค้า"
"Product %s successfully added to compare list","เพิ่มสินค้า %s ลงในรายการเปรียบเทียบแล้ว"
"Add Attribute","เพิ่มคุณลักษณะ"
"Add Option","เพิ่มตัวเลือก"
"Add New","เพิ่มใหม่"
"Add to Cart","เพิ่มในตะกร้า"
"Add to Wishlist","เพิ่มไปยัง Wishlist"
"Add to My Wishlist","เพิ่มไปยัง Wishlist ของฉัน"
"Add to Compare","เพิ่มไปเปรียบเทียบ"
"Add Product To Websites","เพิ่่มสินค้าไปยังเว็บไซต์"
"Add New Attribute","เพิ่่มคุณลักษณะใหม่"
"Category move error","เกิดข้อผิดพลาดในการย้ายประเภท"
"Starting at:","เริ่มต้นที่:"
"Sort Order","เรียงคำสั่งซื้อ"
"Sort by","เรียงตาม"
"Multiple Select","เลือกหลายตัวเลือก"
"select all","เลือกทั้งหมด"
"Select Configurable Attributes ","เลือกคุณลักษณะที่ปรับแต่งได้ "
"Choose an Option...","เลือกตัวเลือก..."
"Choose option...","เลือกตัวเลือก..."
"Selected Product Types","เลือกประเภทสินค้า"
"Integer Number","เลขจำนวนเต็ม"
"Website","เว็บไซต์"
"Websites","เว็บไซต์"
"Exclude","เอาออก"
"Static block only","เฉพาะ Static Block"
"Products only","เฉพาะสินค้า"
"Compare list successfully cleared","เปรียบเทียบรายการสำเร็จ"
"Compare Items","เปรียบเทียบรายการสินค้า"
"Compare Products","เปรียบเทียบสินค้า"
"Compare Products - %d Items","เปรียบเทียบสินค้า - %d รายการ"
"Comparable","เปรียบเทียบได้"
"Change","เปลี่ยนแปลง"
"Change status","เปลี่ยนแปลงสถานะ"
"Percentage","เปอร์เซ็นต์"
"Enabled","เปิดการใช้งาน"
"Is Default","เป็นค่าเริ่มต้น"
"Best Selling Products","Best Selling Products"
"Invalid block: %s","Block ไม่ถูกต้อง: %s"
"Bundle","Bundle"
"Can be used only with catalog input type Dropdown, Multiple Select and Price","Can be used only with catalog input type Dropdown, Multiple Select and Price"
"Catalog Searches","Catalog Searches"
"Clean boot cut women's business pant","Clean boot cut women's business pant"
"Cross-sell Products","Cross-sell Products"
"Cross-sells","Cross-sells"
"Customer Reviews","Customer Reviews"
"Default Tax Class","Default Tax Class"
"Discount","Discount"
"Edit Product Attribute ""%s""","Edit Product Attribute ""%s"""
"Email Address","Email Address"
"Email Address:","Email Address:"
"Email:","Email:"
"Entity collection is expected","Entity collection is expected"
"Kamper state-of-art Extra Comfort runners","Kamper state-of-art Extra Comfort runners"
"Line %d, Email: %s","Line %d, Email: %s"
"Line %d, SKU: %s","Line %d, SKU: %s"
"Manage Ratings","Manage Ratings"
"Maximum %d email addresses allowed.","Maximum %d email addresses allowed."
"Message:","Message:"
"Name:","Name:"
"Option","Option"
"Options","Options"
"Our customer service is available 24/7. Call us at (800) DEMO-NUMBER.","Our customer service is available 24/7. Call us at (800) DEMO-NUMBER."
"Panasoic HDC-SD1 High Definition Camcorder","Panasoic HDC-SD1 High Definition Camcorder"
"Pending Reviews","Pending Reviews"
"Please add one or more options","Please add one or more options"
"Prices","Prices"
"Product Attribute Sets","Product Attribute Sets"
"Product Attribute Specs","Product Attribute Specs"
"Product Attributes","Product Attributes"
"Product Options","Product Options"
"Product URL Suffix (cache refresh needed)","Product URL Suffix (cache refresh needed)"
"Recipient:","Recipient:"
"Redirect","Redirect"
"Redirect URL","Redirect URL"
"Remove Email","Remove Email"
"Reviews and Ratings","Reviews and Ratings"
"Roll Over for preview","Roll Over สำหรับการแสดงตัวอย่าง"
"Root","Root"
"Sandra Mashiso Red Business shoes","Sandra Mashiso Red Business shoes"
"save %s%%","save %s%%"
"See all %s","See all %s"
"Send email","Send email"
"Sender:","Sender:"
"SKU","SKU"
"Special Price","ราคาพิเศษ"
"Static block and products","Static Block และสินค้า"
"Customers Tagged Product","Tag สินค้า่ลูกค้า"
"Product Tags","Tags สินค้า"
"The information in this tab has been changed.","The information in this tab has been changed."
"There is %d product(s) that will be not updated for selected store","There is %d product(s) that will be not updated for selected store"
"This bundle is out of stock.","This bundle is out of stock."
"This tab contains invalid data. Please solve the problem before saving.","This tab contains invalid data. Please solve the problem before saving."
"Tile","Tile"
"Up-sells","Up-sells"
"Url","Url"
"Varchar","Varchar"
"View Details","View Details"
"[GLOBAL]","[GLOBAL]"
"Warranty:&nbsp;","การประกัน: "
"Lead time:&nbsp; ","การจัดส่ง: "
"SKU:","รหัสสินค้า :"
"Question","วิธีการสั่งซื้อสินค้า"
"Qty:","จำนวน :"
"Name Product","ชื่อสินค้า"
"Compare","เปรียบเทียบสินค้า"
"Add to Wishlist","เพิ่มไปยังสินค้าโปรด"
"/month","/ชิ้น                "
" Total price: ","    ราคา"
" Amount save: ","ประหยัดทันที"
"my compare <label id="compareitemcount">%d</label> items","เปรียบเทียบ <label id="compareitemcount"> %d </label> สินค้า"
"Clear all","ลบสินค้าทั้งหมด"
"The product %s has been added to comparison list.","เพิ่มสินค้า %s สำหรับการเปรียบเทียบสินค้าเรียบร้อย."
"The comparison list was cleared.","ลบสินค้าทั้งหมดเรียบร้อย"
"The product %s has been removed from comparison list.","สินค้า %s ถูกลบออกจากการเปรียบเทียบเรียบร้อย"
"my compare %d items","เปรียบเทียบสินค้า %d ชิ้น"
"Compare Products - %d Items","เปรียบเทียบสินค้า - %d รายการ"
"Warranty", "รับประกัน"
"More Warranty", "ประกันเพิ่มอีก"
"Monthly shipping <span class='qty-selected'>1</span> piece(s)","จัดส่งเดือนละ <span class='qty-selected'>1</span> ชิ้น"
"/month Total price:","/เดือน ราคา "
"Amount save:","ประหยัดทันที"
"If there is an account associated with %s you will receive an email with a link to reset your password.","ระบบได้ส่งรหัสผ่านไปที่เมลของคุณแล้ว (หากไม่พบกรุณาตรวจสอบในรายการ Junk Mail หรือ Spam Mail)"
"Please specify the product's option(s).","กรุณาเลือกตัวเลือกของสินค้าก่อนทำการสั่งซื้อ"
"Delivery date: %s","รับสินค้าภายในวันที่: %s"
"Promotion Price:","ราคาโปรโมชั่น:"
"review # %s","ความคิดเห็นที่ %s"
"Remove All Items","ลบสินค้าทั้งหมด"
"shop now!!","ซื้อเลย!"
" Filter Products","ตัวกรองสินค้า"
"Your order status:","<b>สถานะคำสั่งซื้อของคุณ: </b>"
"You have recently added %s product(s) to your Cart","สินค้าได้ถูกเพิ่มในตะกร้าเรียบร้อยแล้ว"
"Display search results for %s instead","ผลการค้นหาสำหรับ %s "
"Use <span class='use_point'>%s points</span> <span class='use_plus'>+</span> <span class='use_price'>%s</span>","หรือใช้  <span class='use_point'>%s คะแนน</span> <span class='use_plus'>+</span> <span class='use_price'>%s</span>"
"You have to login to purchase product using points","กรุณาเข้าสู่ระบบเพื่อทำการสั่งซื้อสินค้าโดยใช้คะแนนสะสม"
"You do not have enough points.","คุณมีคะแนนสะสมไม่พอสำหรับการสั่งซื้อสินค้า"
"Sorry, the product already used points as discount. Points can not be used any more.","ขออภัยคะ สินค้าที่ใช้คะแนนสะสมเป็นส่วนลด จะไม่สามารถใช้คะแนนสะสมเพิ่มได้อีก"
"You have to login to purchase eBooks product", "กรุณาเข้าสู่ระบบเพื่อทำการสั่งซื้อสินค้าในหมวด eBooks"
"View more","ดูทั้งหมด"
"Also available as:","ประเภทหนังสือ"
"View all","ดูทั้งหมด"
"By","แนะนำโดย"
"Comments & Ratings","ความคิดเห็น & คะแนน"
"Inspiring book","Inspiring Books"
"You may also like","สินค้าที่คุณอาจชอบ"
"More photo","ภาพประกอบ"
"Login or Create an Account","ยินดีต้อนรับเข้าสู่ระบบช้อปปิ้งออนไลน์"
"Email Address","อีเมล"
"Password","รหัสผ่าน"
"Keywords","ค้นหายอดนิยม"
"SPECIAL DEAL","ดีลพิเศษ"
"Special Deals","ดีลพิเศษ"
"Today's Deals","ดีลวันนี้"
"View all","ดูทั้งหมด"
"Login","เข้าสู่ระบบ"
"Log in to your Facebook profile","เข้าสู่ระบบด้วยบัญชีเฟสบุ๊คของท่าน"
"or","หรือ"
"Create Account","สมัครสมาชิกใหม่"
"Connect with Facebook","เชื่อมต่อกับเฟสบุ๊ค"
"Personal Information","ข้อมูลส่วนบุคคล"
"First Name","ชื่อ"
"Last Name","นามสกุล"
"Birthday","วันเกิด"
"DD","วัน"
"MM","เดือน"
"YYYY","ปี"
"Login Information","ข้อมูลสำหรับเข้าสู่ระบบ"
"Gender","เพศ"
"Confirm Password","ยืนยันรหัสผ่าน"
"Sign Up for Newsletter","สมัครสมาชิกจดหมายข่าว"
"* Required Fields","* ข้อมูลจำเป็น"
"Submit","บันทึก"
"My Account","บัญชีผู้ใช้ของฉัน"
"Log out","ออกจากระบบ"
"Change Password","เปลี่ยนแปลงรหัสผ่าน"
"Telephone","โทรศัพท์"
"Mobile","โทรศัพท์มือถือ"
"Fax","โทรสาร"
"Add New Address","เพิ่มที่อยู่ใหม่"
"Contact Information","ข้อมูลติดต่อ"
"State/Province","จังหวัด"
"City","เขต/อำเภอ"
"Subdistrict","แขวง/ตำบล"
"Zip/Postal Code","รหัสไปรษณีย์"
"Street Address","บ้านเลขที่"
"Country","ประเทศ"
"Address","ที่อยู่"
"Address Book","สมุดที่อยู่"
"Default Billing Address","ที่อยู่สำหรับออกใบเสร็จ / ใบกำกับภาษี"
"Default Shipping Address","ที่อยู่สำหรับจัดส่งสินค้า"
"Newsletters","จดหมายข่าว"
"Newsletter Subscription","สมัครสมาชิกจดหมายข่าว"
"Newsletter Email","สมาชิกจดหมายข่าว"
"Account Dashboard","ข้อมูลบัญชีสมาชิก"
"Account Information","ข้อมูลสมาชิก"
"My Orders","คำสั่งซื้อของฉัน"
"My Wishlist","สินค้าที่ชอบ"
"My Dashboard","ข้อมูลของฉัน"
"Edit Account Information","แก้ไขข้อมูลบัญชีผู้ใช้"
"Edit","แก้ไข"
"Edit Address","แก้ไขที่อยู่"
"Save","บันทึก"
"Save Address","บันทึกที่อยู่"
"There are no products matching the selection.","ไม่มีสินค้าที่ตรงกับที่คุณเลือก"
"You have not set a default shipping address.","คุณยังไม่มีที่อยู่สำหรับการจัดส่งสินค้า"
"You have not set a default billing address.","คุณยังไม่มีที่อยู่สำหรับการออกใบเสร็จ"
"Current Password","รหัสผ่านปัจจุบัน"
"New Password","รหัสผ่านใหม่"
"Confirm New Password","ยืนยันรหัสผ่านใหม่"
"You have placed no orders.","คุณยังไม่ได้สั่งซื้อ"
"Cart","ตะกร้าสินค้า"
"You have no items in your shopping cart.","ไม่มีรายการสินค้าในตะกร้า"
"Sort By","เรียงตาม"
"Show","แสดง"
"Name","ชื่อ"
"Price","ราคา"
"New","ใหม่"
"Best Sellers","สินค้าขายดี"
"Most Viewed","ถูกเรียกดูมากที่สุด"
"Biggest Saving","ส่วนลดมากที่สุด"
"Brands","ยี่ห้อ"
"Alert when the item is on sale","แจ้งเตือนเมื่อสินค้าลดราคา"
"Select the type of shipping product you want.","เลือกรูปแบบการ จัดส่ง/รับสินค้า ที่คุณต้องการ"
"Pickup","เลือกรับสินค้าที่บิ๊กซี"
"Delivery","เลือกจัดส่งสินค้าถึงบ้าน"
"Choose a shipping address","เลือกที่อยู่ในการจัดส่ง"
"Add new Delivery","เพิ่มที่อยู่การจัดส่ง"
"Choose a Warehouse","เพิ่มสาขาที่ต้องการรับ"
"Recently Viewed Products","สินค้าที่ดูล่าสุด"
"Your Wishlist","สินค้าที่ชอบ"
"Availability","สถานะสินค้า"
"Additional Information","ข้อมูลเพิ่มเติม"
"Description","รายละเอียดสินค้า"
"Short Description","คำอธิบาย"
"Reviews","รีวิวสินค้า"
"Connect","เชื่อมต่อ"
"Register","สมัครสมาชิก"
"Be the first to review this product","มาเป็นคนแรกที่รีวิวสินค้านี้"
"Be the first to review this product.","มาเป็นคนแรกที่รีวิวสินค้านี้"
"Add to Cart","เพิ่มสินค้าในตะกร้า"
"Newsletter","จดหมายข่าว"
"Sign Up for Our Newsletter:","สมัครสมาชิกจดหมายข่าว"
"Enter your email","กรุณากรอกอีเมล์"
"Subscribe","สมัครสมาชิก"
"Shopping Cart is Empty","ตะกร้าสินค้าว่างเปล่า"
"Continue Shopping","เลือกสินค้าเพิ่ม"
"Add to Wishlist","เพิ่มไปยังสินค้าที่สนใจ"
"Update Shopping Cart","อัพเดทตะกร้าสินค้า"
"Checkout","สั่งซื้อสินค้า"
"Proceed to Checkout","ดำเนินการสั่งซื้อ"
"Discount Codes","รหัสส่วนลด"
"Discount code that you received","รหัสส่วนลดที่คุณได้รับ"
"Subtotal","ราคาสินค้า"
"Item Discount","ประหยัด"
"Grand Total","ยอดสุทธิ"
"Apply","ใช้รหัสส่วนลด"
"Tax","ภาษี"
"Qty","จำนวน"
"Save/pc","ประหยัด/ชิ้น"
"Empty Cart","ลบรายการสินค้าทั้งหมด"
"Product","สินค้า"
"Shopping Cart","ตะกร้าสินค้า"
"Address Information","ข้อมูลที่อยู่"
"Add item to shopping list","เพิ่มสินค้านี้ลงกลุ่มสินค้าที่ชอบของคุณ"
"Time left","เหลือเวลา"
"Express checkout","ซื้อด่วน"
"Qty:","จำนวน"
"Total","จำนวน"
"Share","แบ่งปัน"
"Update Address","กรอกที่อยู่"
"Complete Registration","ลงทะเบียนเสร็จสมบูรณ์"
"Find a product, category or brand ...","ค้นหาสินค้า, หมวดหมู่, หรือแบรนด์ ..."
"All Categories","สินค้าทั้งหมด"
"All results","ดูผลการค้นหาทั้งหมด"
"After","ถัดไป"
"You're reviewing product","ความคิดเห็นเกี่ยวกับสินค้านี้"
"Review for","เฉลี่ยคะแนนที่ลูกค้าแสดงความคิดเห็นเกี่ยวกับ"
"Add Review","เพิ่มรีวิวสินค้า"
"Write your review","เขียนรีวิวสินค้าของคุณ"
"What's your nickname?","ชื่อผู้รีวิว"
"Summary of Your Review","หัวข้อเรื่อง"
"Let us know your thoughts","แสดงความคิดเห็น"
"Submit Review","ส่งรีวิว"
"New Group","สร้างกลุ่มใหม่"
"View Cart & Checkout","ดูตะกร้าสินค้า"
"Shipping Information","สาขาที่ต้องการรับสินค้า"
"You have recently added this product to your Cart","เพิ่มสินค้าลงตะกร้าเรียบร้อย"
"Your shopping cart","ตะกร้าสินค้าของคุณ"
"There are","จำนวนทั้งหมด"
"There is","จำนวนทั้งหมด"
"items","ชิ้น"
"item","ชิ้น"
"Group your wishlist","กลุ่มสินค้าที่ชอบของคุณ"
"Contact us through various operators","ติดต่อเราผ่านช่องทางต่างๆได้ดังนี้"
"Ask a question via e-mail","สอบถามผ่านช่องทางอีเมล์"
"Contact Complaint Feedback job or other inquiries.","แจ้งปัญหา ร้องเรียน ติชมบริหาร สมัครงานหรือสอบถามข้อมูลอื่นๆ"
"Please click below to enter your information.","กรุณาคลิกด้านล่างเพื่อกรอกข้อมูล"
"Contact Us","ติดต่อเรา"
"Please fill in all mandatory ","กรุณากรอกข้อมูลลงในช่องที่มีเครื่องหมาย"
"The product you choose.","รูปแบบการรับสินค้าที่คุณเลือก"
"Change Address","เปลี่ยนรูปแบบการรับสินค้า"
"If you want change shipping address,all product will be remove from your cart. Are you sure?","สินค้าทั้งหมดจะถูกลบออกจากตะกร้า ยืนยันต้องการเปลี่ยนรูปแบบการจัดส่งใหม่หรือไม่"
"Cancel","ยกเลิก"
"Confirm","ยืนยัน"
"Add new Pickup","เลือกสาขาที่รับสินค้า"
"Favorite Warehouse 1","ที่อยู่จัดส่งประจำ 1"
"Favorite Warehouse 2","ที่อยู่จัดส่งประจำ 2"
"Please Select Province","เลือกจังหวัด"
"Please Select Branches","เลือกสาขา"
"Back","กลับไปก่อนหน้า"
"pickup","สถานที่จัดส่ง"
"Before","ก่อนหน้า"
"Add new group","สร้างกลุ่มสินค้าที่ชอบของคุณใหม่..."
"Back to previous page","กลับไปก่อนหน้า"
"Your Checkout Progress","บันทึกข้อมูลการสั่งซื้อ"
"Shipping Address","ที่อยู่การจัดส่ง"
"Billing & Payment","ช่องทางการชำระเงิน"
"Shipping","จัดส่งสินค้า"
"Invoice Needed?","ต้องการใบกำกับภาษี?"
"Invoice Needed","ต้องการใบกำกับภาษี"
"No Invoice Needed","ไม่ต้องการใบกำกับภาษีี"
"Please fill in the discount rate to be used.","กรุณากรอกคะแนนส่วนลดที่ต้องการใช้"
"Shipping & Handling (Shipping Table Rates - Pick Up)","ค่าจัดส่ง"
"Shipping & Handling","ค่าจัดส่ง"
"Billing Address","ที่อยู่ในการออกใบเสร็จ"
"Payment Method","ช่องทางการชำระเงิน"
"Shipping Method","รูปแบบการจัดส่ง/รับสินค้า"
"Payment","ช่องทางการชำระเงิน"
"Next","ดำเนินการต่อ"
"Please fill in all mandatory","กรุณากรอกข้อมูล"
"Email","อีเมล์"
"Name - Surname","ชื่อ-นามสกุล"
"Sex","เพศ"
"age","อายุ"
"province","จังหวัด"
"Zip code","รหัสไปรษณีย์"
"Phone","โทรศัพท์"
"Branch","สาขา"
"Message","ข้อความ"
"Send Email","ส่งข้อความ"
"Please add new address to continue add to cart","กรุณาเพิ่มที่อยู่ใหม่เพื่อจัดส่งสินค้า"
"Attachments","แนบไฟล์"
"Captcha","รหัสตรวจสอบ"
"Note: C reserves the right to consider the information. Case details","หมายเหตุ: บิ๊กซีขอสงวนสิทธิ์ในการพิจารณาข้อมูล กรณีที่รายละเอียดไม่สมบูรณ์ หรือไม่สามารถติดต่อได้"
"Province","จังหวัด"
"Please select Sex","เลือก"
"Please select Province","เลือก"
"Age","อายุ"
"Please select region, state or province","เลือก"
"Create Group","สร้างกลุ่ม"
"View All","ดูทั้งหมด"
"Home","หน้าหลัก"
"Id Card","หมายเลขบัตรประชาชน"
"Id Card / Passport","หมายเลขบัตรประชาชน / พาสปอร์ต"
"Big Card Id","หมายเลขบัตรบิ๊กการ์ด"
"Please choose your <b>delivery/ pick up</b> before purchase","กรุณาเลือกสถานที่ <b>จัดส่ง/ รับสินค้า</b> ก่อนทำการซื้อ"
"Category","หมวดหมู่สินค้า"
"Browse By","เลือกจาก"
"Wish list","สินค้าโปรด"
"Top","ขึ้นบน"
"SKU","รหัสสินค้า"
"SKU ","รหัสสินค้า"
"SKU: ","รหัสสินค้า"
"SKU: %s","รหัสสินค้า: %s"
"Sku","รหัสสินค้า"
"sku","รหัสสินค้า"
"No - review","ยังไม่มีความคิดเห็น"
"Forgot Your Password?","ลืมรหัสผ่าน"
"Create New Account","สมัครสมาชิกใหม่"
"You have recently added this product to your Cart","เพิ่มสินค้าลงตะกร้าเรียบร้อย"
"Apply Coupon","ใช้รหัสส่วนลด"
"Enter your coupon code if you have any.","รหัสส่วนลดที่คุณได้รับ"
"Price","ราคา"
"Value","ความคุ้มค่า"
"Quality","คุณภาพ"
"Some of the products are currently out of stock.","สินค้าบางอย่างที่คุณเลือกได้หมดจากคลังสินค้า"
"In stock","มีสินค้าในคลัง"
"Special price until ","ราคาพิเศษจนถึงวันที่ "
"This product is currently out of stock.","ไม่มีสินค้าในคลัง"
"* This product is currently out of stock.","* ไม่มีสินค้าในคลัง"
"Accept","ยอมรับ"
"No less than 500baht !","ยอดสั่งซื้อขั้นต่ำ 500 บาท"
"you will need to shop %s Baht more to complete this order.","ช้อปเพิ่มอีก %s บาท เพื่อสั่งซื้อสินค้า"
"Minimum purchase for Delivery is 1500 Baht!","ต้องมียอดสั่งซื้อสินค้า สำหรับจัดส่ง ไม่น้อยกว่า 1500 บาท!"
"Minimum purchase for Pick up is 500 Baht!","ต้องมียอดสั่งซื้อสินค้าสำหรับรับสินค้า ไม่น้อยกว่า 500 บาท!"
"%s left to checkout","%s ออกจากหน้าชำระเงิน"
"Invalid Id Card","รหัสบัตรประชาชนไม่ถูกต้อง"
"This is a required field.","กรุณากรอกข้อมูลจำเป็น"
"Please make sure your passwords match.","กรุณาตรวจสอบรหัสผ่านให้ตรงกัน"
"This date is a required value.","กรุณาเลือกวันเดือนปีเกิด"
"Please select an option.","กรุณาเลือกตัวเลือก"
"There is already an account with this email address. If you are sure that it is your email address, <a href=""%s"">click here</a> to get your password and access your account.","There is already an account with this email address. If you are sure that it is your email address, <a href=""%s"">click here</a> to get your password and access your account.","อีเมลนี้เคยสมัครสมาชิกแล้ว"
"You are now logged in.","ยินดีต้อนรับเข้าสู่ระบบช้อปปิ้งออนไลน์"
"You are now logged out.","ท่านได้ออกจากระบบแล้ว ขอบคุณที่ใช้บริการช้อปปิ้งออนไลน์"
"Please enter a valid email address. For example johndoe@domain.com.","กรุณาใส่อีเมลที่ถูกต้อง"
"Invalid login or password.","ชื่อบัญชี หรือ รหัสผ่านของท่านไม่ถูกต้อง"
"Pick up - ","ท่านสะดวกรับสินค้าที่สาขา - "
"Pick Up","รับสินค้าที่สาขา"
"pickup","รับสินค้าที่สาขา"
"Select a billing address.","กรุณาเลือกที่อยู่สำหรับออกใบเสร็จรับเงิน ใบกำกับภาษี"
"order number","หมายเลขคำสั่งซื้อ"
"Pending","รอดำเนินการ"
"My Orders > ","คำสั่งซื้อของฉัน > "
"Cash On Pickup","ชำระเงินที่สาขา"
"Address Entries","รายการที่อยู่"
"+ New Address","+ เพิ่มที่อยู่ใหม่"
"Default billing address","ใช้ที่อยู่นี้เป็นค่าเริ่มต้นสำหรับระบุในใบกำกับภาษี"
"Default shipping address","ใช้ที่อยู่นี้เป็นค่าเริ่มต้นสำหรับจัดส่งสินค้า"
"Use as my default billing address","ใช้ที่อยู่นี้เป็นค่าเริ่มต้นสำหรับระบุในใบกำกับภาษี"
"Use as my default shipping address","ใช้ที่อยู่นี้เป็นค่าเริ่มต้นสำหรับจัดส่งสินค้า"
"Delete","ลบ"
"EXT","เบอร์ต่อ"
" item(s)"," รายการ"
"Tax Number","หมายเลขประจำตัวผู้เสียภาษี"
"Tax/Vat","หมายเลขประจำตัวผู้เสียภาษี"
"Company","บริษัท"
"Shipping Method","ช่องทางการจัดส่ง"
"Loading next step...","โปรดรอ กำลังดำเนินการเพื่อไปขั้นตอนต่อไป"
"Please check your phone number.","กรุณาตรวจสอบความถูกต้องของหมายเลขโทรศัพท์ที่ใช้ติดต่อในการสั่งซื้อของท่าน"
"Submitting order information...","กำลังส่งข้อมูลการสั่งซื้อ ..."
"Place Order","สั่งซื้อ"
"Big C Shopping Online. Your order has been received.","บิ๊กซี ช้อปปิ้งออนไลน์"
"Thank you for your purchase!","ขอขอบพระคุณที่ไว้วางใจในการเลือกซื้อสินค้ากับเรา"
"Your order","หมายเลขคำสั่งซื้อของท่าน"
"Delivery Type","วิธีการรับสินค้า"
"Pickup","เลือกรับสินค้าที่สาขา"
"Delivery Address","ที่อยู่ในการจัดส่งหรือรับสินค้า"
"Default Address","ที่อยู่"
"Sorry, the product you choose is not enough in order.","ขออภัยสินค้าที่ท่านเลือกไม่เพียงพอ"
"Check order history","ตรวจสอบประวัติการสั่งซื้อ"
"Add","เพิ่ม"
"Add new group","เพิ่มกลุ่มใหม่"
"Delete Products","ลบสินค้า"
"Delete Group","ลบกลุ่ม"
"My Wishlist > ","สินค้าที่ชอบของฉัน > "
"There are <strong>%s</strong> item(s)","จำนวนทั้งหมด <strong>%s</strong> รายการ"
"Add To Cart","เพิ่มสินค้าในตะกร้า"
"Price/pc","ราคา/ชิ้น"
"/pc","/ชิ้น"
"Change","เปลี่ยน"
"Reset a Password","ตั้งรหัสผ่านใหม่"
"Delivery from","จัดส่งสินค้าโดยสาขา"
"Pick up at","รับสินค้าที่สาขา"
"Change your delivery/ pick up","เปลี่ยนสถานที่ จัดส่ง/ รับสินค้า"
"Billing to this address","ใช้ที่อยู่นี้สำหรับออกใบเสร็จ/ใบกำกับภาษี"
"Billing to different address","ใช้ที่อยู่อื่นสำหรับออกใบเสร็จ/ใบกำกับภาษี"
"Please fill in all mandatory <em>*</em> fields","กรุณากรอกข้อมูลที่มีเครื่องหมาย <em>*</em> ทั้งหมด"
"Spipping Note","จุดสังเกตุ"
"Discount","ส่วนลด"
"Applied Coupons","ใช้รหัสส่วนลด"
"Shipping Type","รูปแบบการรับสินค้า"
"Shipping Type: %s","รูปแบบการรับสินค้า: %s"
"Shipping Type: ","รูปแบบการรับสินค้า:"
"Shipping Cost","ค่าขนส่ง "
"delivery","จัดส่งถึงบ้าน"
"pickup","รับสินค้าที่สาขา"
"Update shipping address successfully","ระบบทำการเพิ่มที่อยู่ในการจัดส่งให้ท่านแล้ว"
"Latest Warehouse Pickup","สาขาล่าสุด"
"Warehouse Pickup","สาขา"
"Latest Address","ที่อยู่ล่าสุด"
"discount","ส่วนลด"
"You have recently added this product to your Cart","คุณได้เพิ่มสินค้าลงในตะกร้าเรียบร้อยแล้ว"
"Your signed out","ท่านได้ออกจากระบบแล้ว"
"Please specify different value for ""%s"" attribute. Customer with such value already exists.","ขออภัย""%s""ของท่านซ้ำกับสมาชิกที่มีอยู่แล้วกรุณาตรวจสอบอีกครั้ง"
"Please select City","เลือก"
"Please select Subdistrict","เลือก"
"Thank you for registering","ขอบคุณสำหรับการสมัครสมาชิก"
"May you enjoy shopping to do.","ขอให้มีความสุขกับการช้อปปิ้ง"
"You will be redirected to our homepage in 3 seconds.","คุณจะกลับไปหน้าแรกภายใน 3 วินาที"
"Special promotion is valid between","เงื่อนไขพิเศษสำหรับการรับสินค้า"
"only","เท่านั้น"
"Shipping Note","จุดสังเกต"
"Others","อื่นๆ"
"Account","บัญชีของฉัน"
"View All","ดูทั้งหมด"
"Newsletter","สมัครรับข่าวสารจาก"
"Send","สมัคร"
"To enjoy the benefits and discounts before anyone here at all!","กรุณากรอกอีเมลของคุณเพื่อไม่พลาดข่าวสาร และโปรโมชั่นดีๆ จากเรา"
"%s Item(s)","%s รายการ"
"View","จำนวนสินค้าต่อหน้า"
"Sort By","เลือกเรียงสินค้าจาก"
"Calculate area to order","คำนวณพื้นที่"
"Print","สั่งพิมพ์"
"Product Code","รหัสสินค้า:"
"Category","ประเภทสินค้า: "
"Brand","ยี่ห้อ: "
"Color","สี: "
"Details","รายละเอียดสินค้า"
"Compare","เปรียบเทียบ"
"Cart","รถเข็น"
"Share","แชร์"
"SKU","รหัสสินค้า"
"Color","สี"
"Brands","ยี่ห้อ"
"Material","วัสดุ"
"Name","ชื่อ"
"Price","ราคา"
"New","ใหม่"
"Biggest Saving","ส่วนลดมากสุด"
"Best Sellers","สินค้าขายดี"
"Most Viewed","ถูกเรียกดูมากที่สุด"
"Top Rated","Top Rated"
"Reviews Count","Reviews Count"
"Now in Wishlists","Now in Wishlists"
"Quantity","Quantity"
"Profit","Profit"
"Revenue","Revenue"
"Revenue per View","Revenue per View"
"Order per View","Order per View"
"Remove This Item","ลบรายการสินค้านี้ออก"
"Are you sure you would like to remove this item from the shopping cart?","คุณแน่ใจว่าต้องการลบสินค้านี้ออกจากรถเข็น?"
"Delete","ลบ"
"Edit item","แก้ไขรายการสินค้านี้"
"Edit","แก้ไข"
"View Shopping Cart","รถเข็น"
"Checkout","ชำระเงิน"
"Products","สินค้า"
"Price","ราคา"
"Qty","จำนวน"
"Subtotal","ราคาสินค้า"
"Delete","ลบ"
"Clear Cart","ยกเลิกทั้งหมด"
"Update","อัพเดทรถเข็น"
"Items","รายการ"
"Product Code","รหัสสินค้า: "
"Discount Codes","คูปองส่วนลด"
"Apply","ใช้"
"Subtotal","ราคาสินค้า"
"Grand Total","รวมทั้งหมด"
"Enter your coupon code if you have one","ใส่คูปองส่วนลดของคุณ (ถ้ามี)"
"Remove Item","ลบรายการสินค้าออก"
"Add to Compare","เปรียบเทียบสินค้า"
"Add to Cart","สั่งซื้อ"
"View Details","ดูรายละเอียดสินค้า"
"Add to Cart","สั่งซื้อ"
"Choose a selection...","เลือกตัวเลือก..."
"* Required Fields","* ข้อมูลจำเป็น"
"Qty","จำนวน:"
"Be the first to review this product","แสดงความคิดเห็นเป็นคนแรก"
"Grid","แนวตั้ง"
"List","รายการ"
"Add to Compare","เปรียบเทียบสินค้า"
"View Details","ดูรายละเอียดสินค้า"
"Add to Cart","สั่งซื้อ"
"Search","ค้นหา"
"My Account","บัญชีของฉัน"
"Account Information","ข้อมูลส่วนตัว"
"Address Book","ที่อยู่สำหรับจัดส่งสินค้า"
"My Orders","ข้อมูลการสั่งซื้อ"
"First Name","ชื่อ"
"Last Name","นามสกุล"
"Sex","เพศ"
"Mobile","โทรศัพท์มือถือ"
"Birthday","วันเกิด"
"E-mail","อีเมล"
"Sign up for our newsletter","อีเมลของคุณ"
"Sign up for our newsletter","อีเมล์ของคุณ"
"TEL.","โทรศัพท์"
"Birthday","วันเกิด"
"New Address","เพิ่มที่อยู่ใหม่"
"My Order","คำสั่งซื้อของฉัน"
"My Addresses","ที่อยู่ของฉัน"
"Personal Details","ข้อมูลผู้ใช้"
"View All","ดูทั้งหมด"
"Order Status %s","สถานะการสั่งซื้อ %s"
"Shipping Address","ที่อยู่สำหรับจัดส่งสินค้า"
"Change Password","เปลี่ยนแปลงรหัสผ่าน"
"Personal Information","ข้อมูลผู้ใช้"
"Newsletter","จดหมายข่าว"
"Update","บันทึก"
"Change Shipping Address","Change Shipping Address"
"Edit","แก้ไข"
"Billing Address","ที่อยู่ออกใบเสร็จ / ใบกำกับภาษี"
"Change Billing Address","Change Billing Address"
"My Address","ที่อยู่ของฉัน"
"Items","รายการ"
"Address","ที่อยู่"
"Shipping <br/> Address","ที่อยู่สำหรับ <br/> การจัดส่ง"
"Billing <br/> Address","ที่อยู่ออกใบเสร็จ <br/>/ ใบกำกับภาษี"
"Delete","ลบที่อยู่"
"%s Item(s)","%s รายการ"
"Show","แสดง"
"Project name","ชื่อโปรเจกต์"
"Add","เพิ่ม"
#NAME?
" (%s items)"," (%s รายการ)"
"Shopping list all ","ALL SHOPPING LIST"
"(%s items)","(%s รายการ)"
"Home","หน้าหลัก"
"My Account","บัญชีของฉัน"
"Sign up for our newsletter","Sign up for our newsletter"
"My Shopping List","SHOPPING LIST"
"Telephone","MOBILE"
"Company","บริษัท"
"Street Address","ที่อยู่"
"Country","ประเทศ"
"City","เขต/อำเภอ"
"Please select City","กรุณาเลือก"
"State/Province","State/Province"
"State/Province","จังหวัด"
"Subdistrict","แขวง/ตำบล"
"Please select Subdistrict","กรุณาเลือก"
"Zip/Postal Code","รหัสไปรษณีย์"
"This is a required field.","ข้อมูลจำเป็น"
"Use as my default billing address","ที่อยู่สำหรับออกใบเสร็จ"
"Default Shipping Address","ที่อยู่สำหรับจัดส่งสินค้า"
"Save","บันทึก"
"Receive EXCLUSIVE wacoal offers & updates","สมัครรับข่าวสาร"
"Items Ordered","ลำดับ"
"Product Code","รหัสสินค้า: "
"Product","สินค้า"
"Unit Price","ราคา"
"Qty","จำนวน"
"Subtotal","ราคารวม"
"view order","ดูรายละเอียดคำสั่งซื้อ"
"view order %s","ดูรายละเอียดคำสั่งซื้อ %s"
"Shipping &amp; Handling","ค่าส่ง"
"Discount (%s)","ส่วนลด (%s)"
"Reorder","สั่งซื้ออีกครั้ง"
"Your Orders Summary <span>(%s orders)</span>","รายการสั่งซื้อทั้งหมด <span>(%s รายการ)</span>"
"Billing Address","ที่อยู่ออกใบเสร็จ / ใบกำกับภาษี"
"Shipping Address","ที่อยู่สำหรับจัดส่งสินค้า"
"Shipping Method","รูปแบบการจัดส่ง"
"Payment Method","รูปแบบการชำระเงิน"
"Items Ordered","ลำดับ"
"Product","สินค้า"
"Unit Price","ราคา"
"Qty","จำนวน"
"Back to My Orders","กลับ"
"Continue Shopping","เลือกซื้อสินค้าต่อ"
"Proceed to Checkout","ดำเนินการสั่งซื้อ"
"My Cart","รถเข็น"
"My Cart %s","รถเข็นของฉัน %s"
"Update","อัพเดท"
"View all search results for %s","View all search results for %s"
"products","สินค้า"
"Search results for %s","ผลลัพธ์การค้นหาของ  %s"
"To enjoy the benefits and discounts before anyone here at all!","Subscribe to our and get updates and special offers"
"New Here?","JOIN BOONTHAVORN FAMILY"
"Registration is free and easy!","Don’t worry is free and easy!"
"Save multiple shipping addresses","• Collect points for Boonthavorn Family "
"View and track orders and more","• View and track orders and more "
"Receive EXCLUSIVE wacoal offers & updates","Receive our exclusive promotions & updates"
"Edit","Edit"
"Edit Address","Edit Shipping Address "
"Edit Address","Edit Address "
#NAME?
"Group Name"," List Name"
"Add Group","ADD NEW LIST"
" (%s items)"," (%s Items)"
"This is a required field.","*Required field"
"Email Address","อีเมล"
"TEL","เบอร์โทรศัพท์"
"Password","รหัสผ่าน"
"Confirm Password","ยืนยันรหัสผ่าน"
"Login","ลงชื่อเข้าใช้"
"Sign Up","ลงทะเบียน"
"Forgot Your Password?","ลืมรหัสผ่าน"
"MM","MM"
"January","มกราคม"
"February","กุมภาพันธ์"
"March","มีนาคม"
"April","เมษายน"
"May","พฤษภาคม"
"June","มิถุนายน"
"July","กรกฎาคม"
"August","สิงหาคม"
"September","กันยายน"
"October","ตุลาคม"
"November","พฤศจิกายน"
"December","ธันวาคม"
"Login or Create an Account","ลงชื่อเข้าใช้ หรือ สร้างบัญชีใหม่"
"New Here?","สมัครสมาชิกรับสิทธิพิเศษ"
"Create an Account","สร้างบัญชีใหม่"
"Add New Address","เพิ่มที่อยู่ใหม่"
"Use as my default shipping address","ที่อยู่สำหรับจัดส่งสินค้า"
"Additional Information","ข้อมูลเพิ่มเติม"
"In stock","มีสินค้า"
"Payment","ช่องทางการชำระเงิน"
"Availability","สถานะสินค้า:"
"Review your write...","แสดงความคิดเห็นของคุณ"
"Tell us what you thought about it","บอกความคิดเห็นของคุณต่อสินค้าชิ้นนี้"
"Your name","ชื่อของคุณ"
"Give you a review title","หัวข้อเรื่อง"
"Submit Review","ตกลง"
"Regular Price","ราคาปกติ"
"Location Delivery","ข้อมูลสถานที่จัดส่งสินค้า"
"Current Password","รหัสผ่านปัจจุบัน"
"Change password","เปลี่ยนรหัสผ่าน"
"This product has no reviews yet.","สินค้านี้ยังไม่มีความคิดเห็น"
"Be the first to review this product.","เป็นคนแรกสำหรับการแสดงความคิดเห็นสินค้านี้"
"Add Your Review","แสดงความคิดเห็น"
"You are now logged out","คุณได้ออกจากระบบ เรียบร้อยแล้ว"
"Shopping list all ","ช้อปปิ้งลิสต์ทั้งหมด"
"There are no items in your shopping list","ไม่มีสินค้าในช้อปปิ้งลิสต์ของคุณ"
"Cart Subtotal","ราคาสินค้ารวม:"
"View Cart","รถเข็น"
"Products","รายการสินค้า"
"Qty","จำนวน"
"Back","กลับ"
"Print","สั่งพิมพ์"
"Send To Email","ส่งอีเมล"
"Add to Cart","เพิ่มสินค้าใส่รถเข็น"
"Product Code","รหัสสินค้า: "
"Total Price","ราคารวม"
"Add All to Cart","ส้่งซื้อสินค้าทั้งหมด"
"Continue Shopping","เลือกซื้อสินค้าต่อ"
"Are you sure to remove item(s) in this group ?","คุณต้องการลบสินค้านี้ออกจากกลุ่มสินค้านี้ ?"
"Remove item","Remove item"
"Price","ราคา"
"There are no items in this group.","ไม่มีสินค้าอยู่ในกลุ่มนี้"
"Update Group Title","อัพเดตชื่อกลุ่ม"
"You have no items in your shopping cart.","คุณยังไม่มีสินค้าในรถเข็นของคุณ "
"Click <a href="%s">here</a> to continue shopping.","กรุณา <a href="%s">คลิกที่นี่</a> เพื่อเลือกซื้อสินค้าต่อ"
"Shopping Cart is Empty","ไม่มีสินค้าในรถเข็นของคุณ"
"Find the product that you want here..","ค้นหาสินค้าที่คุณต้องการได้ที่นี่.."
"View all search results for %s","แสดงผลลัพธ์ทั้งหมด %s"
"New Password","รหัสผ่านใหม่"
"Confirm","ยืนยัน"
"Confirm New Password","ยืนยันรหัสผ่านใหม่"
"Location Delivery","Address"
"Brands","แบรนด์"
"You have not set a default billing address.","คุณยังไม่มีที่อยู่สำหรับออกใบเสร็จ"
"You have not set a default shipping address.","คุณยังไม่มีที่อยู่สำหรับจัดส่งสินค้า"
"Please enter your email address below. You will receive a link to reset your password.","กรุณากรอกอีเมลที่ลงทะเบียนไว้กับเรา และคุณจะได้รับลิ้งค์ในการตั้งรหัสใหม่ในอีเมล"
"Submit","บันทึก"
"Review your write...","Write your review..."
"Solution","โซลูชั่น"
"Are you sure to remove this group ?","ยืนยันการลบโปรเจกต์ที่เลือกหรือไม่"
"Remove","ลบโปรเจกต์"
"Recently Viewed","เข้าดูล่าสุด"
"View All","ดูทั้งหมด"
"Update","อัพเดท"
"My Shopping List","ช้อปปิ้งลิสต์"
" (%s items)"," (%s รายการ)"
"Change Group Name","Change Group Name"
"Edit","แก้ไข"
"Cancel","ยกเลิก"
"Add to Compare","เปรียบเทียบ"
"Reviews","ความคิดเห็น"
"Add to Shopping List","เพิ่มเข้าช้อปปิ้งลิสต์"
"Edit Address","Edit Address"
"Order Information","ข้อมูลการสั่งซื้อ"
"Page","หน้า:"
"Add to Shopping List","เพิ่มในช้อปปิ้งลิสต์"
"Faster checkout","Faster checkout"
"VAT Number","หมายเลขประจำตัวผู้เสียภาษี"
"Change Billing Address","Change Billing Address"
"Edit","แก้ไข"
"You have placed no orders.","คุณไม่มีรายการสั่งซื้อค่ะ"
"Your shopping list was successfully updated","ชื่อโปรเจกต์ของคุณ อัพเดทเรียบร้อยค่ะ"
"My Account","บัญชีของฉัน"
